config,engine,phase,run,ops
k16_v100,tidesdb,Put,1,1521025.50
k16_v100,tidesdb,Get,1,705936.08
k16_v100,tidesdb,Forward,1,5432476.02
k16_v100,tidesdb,Backward,1,4451472.32
k16_v100,tidesdb,Delete,1,207707.10
k16_v100,tidesdb,Put,2,1210429.43
k16_v100,tidesdb,Get,2,1250349.91
k16_v100,tidesdb,Forward,2,797866.18
k16_v100,tidesdb,Backward,2,5002980.29
k16_v100,tidesdb,Delete,2,235043.98
k16_v100,ondadb,Put,1,552730
k16_v100,ondadb,Get,1,768667
k16_v100,ondadb,Forward,1,4700279
k16_v100,ondadb,Backward,1,3904233
k16_v100,ondadb,Delete,1,746974
k16_v100,ondadb,Put,2,550342
k16_v100,ondadb,Get,2,945524
k16_v100,ondadb,Forward,2,4453651
k16_v100,ondadb,Backward,2,4094833
k16_v100,ondadb,Delete,2,1098230
k16_v100,fjall,Put,1,336277
k16_v100,fjall,Get,1,591149
k16_v100,fjall,Forward,1,915781
k16_v100,fjall,Backward,1,567473
k16_v100,fjall,Delete,1,296857
k16_v100,fjall,Put,2,268507
k16_v100,fjall,Get,2,4935
k16_v100,fjall,Forward,2,2358635
k16_v100,fjall,Backward,2,1518614
k16_v100,fjall,Delete,2,321759
k16_v100,surrealkv,Put,1,943576
k16_v100,surrealkv,Get,1,17673
k16_v100,surrealkv,Forward,1,1171520
k16_v100,surrealkv,Backward,1,766828
k16_v100,surrealkv,Delete,1,1946821
k16_v100,surrealkv,Put,2,995550
k16_v100,surrealkv,Get,2,17437
k16_v100,surrealkv,Forward,2,1355042
k16_v100,surrealkv,Backward,2,874593
k16_v100,surrealkv,Delete,2,1945017
k16_v100,wavesdb,Put,1,1435026
k16_v100,wavesdb,Get,1,2439722
k16_v100,wavesdb,Forward,1,3745572
k16_v100,wavesdb,Backward,1,3621934
k16_v100,wavesdb,Delete,1,2680233
k16_v100,wavesdb,Put,2,1193271
k16_v100,wavesdb,Get,2,2551255
k16_v100,wavesdb,Forward,2,3917051
k16_v100,wavesdb,Backward,2,3791877
k16_v100,wavesdb,Delete,2,2503817
k16_v100,badger,Put,1,599486
k16_v100,badger,Get,1,957902
k16_v100,badger,Forward,1,3098950
k16_v100,badger,Backward,1,3230906
k16_v100,badger,Delete,1,506514
k16_v100,badger,Put,2,582639
k16_v100,badger,Get,2,918870
k16_v100,badger,Forward,2,3306729
k16_v100,badger,Backward,2,3402782
k16_v100,badger,Delete,2,545029
k16_v100,rocksdb,Put,1,1053779
k16_v100,rocksdb,Get,1,1657346
k16_v100,rocksdb,Forward,1,2881850
k16_v100,rocksdb,Backward,1,2342341
k16_v100,rocksdb,Delete,1,2203758
k16_v100,rocksdb,Put,2,1097706
k16_v100,rocksdb,Get,2,1810490
k16_v100,rocksdb,Forward,2,2848321
k16_v100,rocksdb,Backward,2,2329683
k16_v100,rocksdb,Delete,2,2242575
k64_v512,tidesdb,Put,1,1311699.05
k64_v512,tidesdb,Get,1,2106437.85
k64_v512,tidesdb,Forward,1,8701147.66
k64_v512,tidesdb,Backward,1,4184844.24
k64_v512,tidesdb,Delete,1,555433.70
k64_v512,tidesdb,Put,2,1126757.46
k64_v512,tidesdb,Get,2,2238716.24
k64_v512,tidesdb,Forward,2,1238788.97
k64_v512,tidesdb,Backward,2,2044529.41
k64_v512,tidesdb,Delete,2,558586.65
k64_v512,ondadb,Put,1,356547
k64_v512,ondadb,Get,1,2647281
k64_v512,ondadb,Forward,1,2242777
k64_v512,ondadb,Backward,1,2469334
k64_v512,ondadb,Delete,1,3906833
k64_v512,ondadb,Put,2,354232
k64_v512,ondadb,Get,2,2536513
k64_v512,ondadb,Forward,2,2613536
k64_v512,ondadb,Backward,2,2257437
k64_v512,ondadb,Delete,2,3204828
k64_v512,fjall,Put,1,200373
k64_v512,fjall,Get,1,159873
k64_v512,fjall,Forward,1,1865100
k64_v512,fjall,Backward,1,1644190
k64_v512,fjall,Delete,1,434477
k64_v512,fjall,Put,2,267550
k64_v512,fjall,Get,2,182266
k64_v512,fjall,Forward,2,1866260
k64_v512,fjall,Backward,2,1620282
k64_v512,fjall,Delete,2,389511
k64_v512,surrealkv,Put,1,404198
k64_v512,surrealkv,Get,1,17632
k64_v512,surrealkv,Forward,1,326248
k64_v512,surrealkv,Backward,1,270988
k64_v512,surrealkv,Delete,1,1506163
k64_v512,surrealkv,Put,2,346029
k64_v512,surrealkv,Get,2,17346
k64_v512,surrealkv,Forward,2,240093
k64_v512,surrealkv,Backward,2,220279
k64_v512,surrealkv,Delete,2,1548237
k64_v512,wavesdb,Put,1,580019
k64_v512,wavesdb,Get,1,1432038
k64_v512,wavesdb,Forward,1,655206
k64_v512,wavesdb,Backward,1,664952
k64_v512,wavesdb,Delete,1,3209059
k64_v512,wavesdb,Put,2,709435
k64_v512,wavesdb,Get,2,1538049
k64_v512,wavesdb,Forward,2,522274
k64_v512,wavesdb,Backward,2,649708
k64_v512,wavesdb,Delete,2,3061488
k64_v512,badger,Put,1,432065
k64_v512,badger,Get,1,711633
k64_v512,badger,Forward,1,1400860
k64_v512,badger,Backward,1,1493080
k64_v512,badger,Delete,1,493343
k64_v512,badger,Put,2,521894
k64_v512,badger,Get,2,756829
k64_v512,badger,Forward,2,1498669
k64_v512,badger,Backward,2,1574323
k64_v512,badger,Delete,2,444335
k64_v512,rocksdb,Put,1,486905
k64_v512,rocksdb,Get,1,1133901
k64_v512,rocksdb,Forward,1,1436107
k64_v512,rocksdb,Backward,1,1215278
k64_v512,rocksdb,Delete,1,1583537
k64_v512,rocksdb,Put,2,419996
k64_v512,rocksdb,Get,2,1063787
k64_v512,rocksdb,Forward,2,1459557
k64_v512,rocksdb,Backward,2,1199457
k64_v512,rocksdb,Delete,2,1568668
k16_v1024,tidesdb,Put,1,634832.07
k16_v1024,tidesdb,Get,1,1351337.08
k16_v1024,tidesdb,Forward,1,459787.87
k16_v1024,tidesdb,Backward,1,427284.81
k16_v1024,tidesdb,Delete,1,787297.45
k16_v1024,tidesdb,Put,2,964502.72
k16_v1024,tidesdb,Get,2,1332986.20
k16_v1024,tidesdb,Forward,2,519527.96
k16_v1024,tidesdb,Backward,2,469753.43
k16_v1024,tidesdb,Delete,2,785765.97
k16_v1024,ondadb,Put,1,208685
k16_v1024,ondadb,Get,1,2983474
k16_v1024,ondadb,Forward,1,2438380
k16_v1024,ondadb,Backward,1,1297138
k16_v1024,ondadb,Delete,1,5102527
k16_v1024,ondadb,Put,2,211633
k16_v1024,ondadb,Get,2,2356119
k16_v1024,ondadb,Forward,2,2378160
k16_v1024,ondadb,Backward,2,2093822
k16_v1024,ondadb,Delete,2,5384764
k16_v1024,fjall,Put,1,165529
k16_v1024,fjall,Get,1,541899
k16_v1024,fjall,Forward,1,965641
k16_v1024,fjall,Backward,1,889450
k16_v1024,fjall,Delete,1,357480
k16_v1024,fjall,Put,2,163329
k16_v1024,fjall,Get,2,1047304
k16_v1024,fjall,Forward,2,717291
k16_v1024,fjall,Backward,2,720348
k16_v1024,fjall,Delete,2,434650
k16_v1024,surrealkv,Put,1,254114
k16_v1024,surrealkv,Get,1,16038
k16_v1024,surrealkv,Forward,1,137390
k16_v1024,surrealkv,Backward,1,138866
k16_v1024,surrealkv,Delete,1,2013854
k16_v1024,surrealkv,Put,2,223682
k16_v1024,surrealkv,Get,2,15689
k16_v1024,surrealkv,Forward,2,172060
k16_v1024,surrealkv,Backward,2,160643
k16_v1024,surrealkv,Delete,2,2032425
k16_v1024,wavesdb,Put,1,421995
k16_v1024,wavesdb,Get,1,1376914
k16_v1024,wavesdb,Forward,1,516826
k16_v1024,wavesdb,Backward,1,498996
k16_v1024,wavesdb,Delete,1,4216346
k16_v1024,wavesdb,Put,2,405432
k16_v1024,wavesdb,Get,2,1389925
k16_v1024,wavesdb,Forward,2,532260
k16_v1024,wavesdb,Backward,2,516609
k16_v1024,wavesdb,Delete,2,4210858
k16_v1024,badger,Put,1,498300
k16_v1024,badger,Get,1,682425
k16_v1024,badger,Forward,1,1104679
k16_v1024,badger,Backward,1,1133039
k16_v1024,badger,Delete,1,659136
k16_v1024,badger,Put,2,401482
k16_v1024,badger,Get,2,638820
k16_v1024,badger,Forward,2,1064351
k16_v1024,badger,Backward,2,1203064
k16_v1024,badger,Delete,2,785950
k16_v1024,rocksdb,Put,1,278300
k16_v1024,rocksdb,Get,1,890961
k16_v1024,rocksdb,Forward,1,1022287
k16_v1024,rocksdb,Backward,1,975781
k16_v1024,rocksdb,Delete,1,3466433
k16_v1024,rocksdb,Put,2,234011
k16_v1024,rocksdb,Get,2,916644
k16_v1024,rocksdb,Forward,2,1033726
k16_v1024,rocksdb,Backward,2,945213
k16_v1024,rocksdb,Delete,2,3040836
k16_v4096,tidesdb,Put,1,167320.94
k16_v4096,tidesdb,Get,1,586075.00
k16_v4096,tidesdb,Forward,1,379770.31
k16_v4096,tidesdb,Backward,1,367349.87
k16_v4096,tidesdb,Delete,1,1258178.47
k16_v4096,tidesdb,Put,2,145935.12
k16_v4096,tidesdb,Get,2,630503.05
k16_v4096,tidesdb,Forward,2,381722.79
k16_v4096,tidesdb,Backward,2,365385.87
k16_v4096,tidesdb,Delete,2,1106767.78
k16_v4096,ondadb,Put,1,60495
k16_v4096,ondadb,Get,1,979553
k16_v4096,ondadb,Forward,1,1104593
k16_v4096,ondadb,Backward,1,1310352
k16_v4096,ondadb,Delete,1,5855032
k16_v4096,ondadb,Put,2,77132
k16_v4096,ondadb,Get,2,989692
k16_v4096,ondadb,Forward,2,881887
k16_v4096,ondadb,Backward,2,1102397
k16_v4096,ondadb,Delete,2,7038899
k16_v4096,fjall,Put,1,145095
k16_v4096,fjall,Get,1,3137468
k16_v4096,fjall,Forward,1,412149
k16_v4096,fjall,Backward,1,524018
k16_v4096,fjall,Delete,1,1148850
k16_v4096,fjall,Put,2,128534
k16_v4096,fjall,Get,2,1279109
k16_v4096,fjall,Forward,2,291475
k16_v4096,fjall,Backward,2,438647
k16_v4096,fjall,Delete,2,1126860
k16_v4096,surrealkv,Put,1,77972
k16_v4096,surrealkv,Get,1,14774
k16_v4096,surrealkv,Forward,1,42716
k16_v4096,surrealkv,Backward,1,32993
k16_v4096,surrealkv,Delete,1,2203683
k16_v4096,surrealkv,Put,2,74581
k16_v4096,surrealkv,Get,2,15140
k16_v4096,surrealkv,Forward,2,38906
k16_v4096,surrealkv,Backward,2,43318
k16_v4096,surrealkv,Delete,2,1928600
k16_v4096,wavesdb,Put,1,135170
k16_v4096,wavesdb,Get,1,631435
k16_v4096,wavesdb,Forward,1,143142
k16_v4096,wavesdb,Backward,1,153016
k16_v4096,wavesdb,Delete,1,5394575
k16_v4096,wavesdb,Put,2,119431
k16_v4096,wavesdb,Get,2,584879
k16_v4096,wavesdb,Forward,2,147251
k16_v4096,wavesdb,Backward,2,159652
k16_v4096,wavesdb,Delete,2,4863982
k16_v4096,badger,Put,1,167559
k16_v4096,badger,Get,1,316902
k16_v4096,badger,Forward,1,441057
k16_v4096,badger,Backward,1,535365
k16_v4096,badger,Delete,1,1139925
k16_v4096,badger,Put,2,142287
k16_v4096,badger,Get,2,244210
k16_v4096,badger,Forward,2,507441
k16_v4096,badger,Backward,2,417916
k16_v4096,badger,Delete,2,857470
k16_v4096,rocksdb,Put,1,97014
k16_v4096,rocksdb,Get,1,266328
k16_v4096,rocksdb,Forward,1,367299
k16_v4096,rocksdb,Backward,1,460228
k16_v4096,rocksdb,Delete,1,4640594
k16_v4096,rocksdb,Put,2,127354
k16_v4096,rocksdb,Get,2,299578
k16_v4096,rocksdb,Forward,2,368827
k16_v4096,rocksdb,Backward,2,442223
k16_v4096,rocksdb,Delete,2,4669045
k16_v16384,tidesdb,Put,1,46789.91
k16_v16384,tidesdb,Get,1,316984.93
k16_v16384,tidesdb,Forward,1,236715.12
k16_v16384,tidesdb,Backward,1,226570.60
k16_v16384,tidesdb,Delete,1,1530213.88
k16_v16384,tidesdb,Put,2,39158.33
k16_v16384,tidesdb,Get,2,238906.95
k16_v16384,tidesdb,Forward,2,146635.94
k16_v16384,tidesdb,Backward,2,163572.56
k16_v16384,tidesdb,Delete,2,1415708.98
k16_v16384,ondadb,Put,1,21222
k16_v16384,ondadb,Get,1,413695
k16_v16384,ondadb,Forward,1,275152
k16_v16384,ondadb,Backward,1,418498
k16_v16384,ondadb,Delete,1,3947761
k16_v16384,ondadb,Put,2,20100
k16_v16384,ondadb,Get,2,462975
k16_v16384,ondadb,Forward,2,203713
k16_v16384,ondadb,Backward,2,481585
k16_v16384,ondadb,Delete,2,3978694
k16_v16384,fjall,Put,1,37438
k16_v16384,fjall,Get,1,1978852
k16_v16384,fjall,Forward,1,78801
k16_v16384,fjall,Backward,1,349598
k16_v16384,fjall,Delete,1,1257382
k16_v16384,fjall,Put,2,27529
k16_v16384,fjall,Get,2,1906528
k16_v16384,fjall,Forward,2,105455
k16_v16384,fjall,Backward,2,357465
k16_v16384,fjall,Delete,2,1301788
k16_v16384,surrealkv,Put,1,17457
k16_v16384,surrealkv,Get,1,14435
k16_v16384,surrealkv,Forward,1,8983
k16_v16384,surrealkv,Backward,1,9648
k16_v16384,surrealkv,Delete,1,1970254
k16_v16384,surrealkv,Put,2,24469
k16_v16384,surrealkv,Get,2,13477
k16_v16384,surrealkv,Forward,2,9744
k16_v16384,surrealkv,Backward,2,9403
k16_v16384,surrealkv,Delete,2,1885565
k16_v16384,wavesdb,Put,1,25590
k16_v16384,wavesdb,Get,1,151442
k16_v16384,wavesdb,Forward,1,58088
k16_v16384,wavesdb,Backward,1,49518
k16_v16384,wavesdb,Delete,1,4732400
k16_v16384,wavesdb,Put,2,25797
k16_v16384,wavesdb,Get,2,207927
k16_v16384,wavesdb,Forward,2,57502
k16_v16384,wavesdb,Backward,2,51716
k16_v16384,wavesdb,Delete,2,4228392
k16_v16384,badger,Put,1,45984
k16_v16384,badger,Get,1,78376
k16_v16384,badger,Forward,1,235846
k16_v16384,badger,Backward,1,247752
k16_v16384,badger,Delete,1,1230688
k16_v16384,badger,Put,2,45639
k16_v16384,badger,Get,2,68678
k16_v16384,badger,Forward,2,257266
k16_v16384,badger,Backward,2,293888
k16_v16384,badger,Delete,2,1100886
k16_v16384,rocksdb,Put,1,35377
k16_v16384,rocksdb,Get,1,97675
k16_v16384,rocksdb,Forward,1,230352
k16_v16384,rocksdb,Backward,1,273927
k16_v16384,rocksdb,Delete,1,3930877
k16_v16384,rocksdb,Put,2,34999
k16_v16384,rocksdb,Get,2,78009
k16_v16384,rocksdb,Forward,2,232629
k16_v16384,rocksdb,Backward,2,303379
k16_v16384,rocksdb,Delete,2,4436141
k1024_v256,tidesdb,Put,1,769910.34
k1024_v256,tidesdb,Get,1,1394557.05
k1024_v256,tidesdb,Forward,1,5508584.75
k1024_v256,tidesdb,Backward,1,2122602.40
k1024_v256,tidesdb,Delete,1,170414.45
k1024_v256,tidesdb,Put,2,772249.30
k1024_v256,tidesdb,Get,2,1290975.99
k1024_v256,tidesdb,Forward,2,5538727.82
k1024_v256,tidesdb,Backward,2,2133377.78
k1024_v256,tidesdb,Delete,2,149310.17
k1024_v256,ondadb,Put,1,175363
k1024_v256,ondadb,Get,1,1713742
k1024_v256,ondadb,Forward,1,1308415
k1024_v256,ondadb,Backward,1,1210945
k1024_v256,ondadb,Delete,1,206542
k1024_v256,ondadb,Put,2,181720
k1024_v256,ondadb,Get,2,1833146
k1024_v256,ondadb,Forward,2,1315784
k1024_v256,ondadb,Backward,2,975522
k1024_v256,ondadb,Delete,2,223006
k1024_v256,fjall,Put,1,119652
k1024_v256,fjall,Get,1,1532
k1024_v256,fjall,Forward,1,734413
k1024_v256,fjall,Backward,1,557539
k1024_v256,fjall,Delete,1,189534
k1024_v256,fjall,Put,2,140013
k1024_v256,fjall,Get,2,1485
k1024_v256,fjall,Forward,2,731062
k1024_v256,fjall,Backward,2,598744
k1024_v256,fjall,Delete,2,186673
k1024_v256,surrealkv,Put,1,246249
k1024_v256,surrealkv,Get,1,14614
k1024_v256,surrealkv,Forward,1,108717
k1024_v256,surrealkv,Backward,1,103357
k1024_v256,surrealkv,Delete,1,281948
k1024_v256,surrealkv,Put,2,223397
k1024_v256,surrealkv,Get,2,15465
k1024_v256,surrealkv,Forward,2,104491
k1024_v256,surrealkv,Backward,2,114964
k1024_v256,surrealkv,Delete,2,236561
k1024_v256,wavesdb,Put,1,397183
k1024_v256,wavesdb,Get,1,600443
k1024_v256,wavesdb,Forward,1,1254387
k1024_v256,wavesdb,Backward,1,1215015
k1024_v256,wavesdb,Delete,1,459422
k1024_v256,wavesdb,Put,2,410393
k1024_v256,wavesdb,Get,2,620691
k1024_v256,wavesdb,Forward,2,1316162
k1024_v256,wavesdb,Backward,2,1421003
k1024_v256,wavesdb,Delete,2,425549
k1024_v256,badger,Put,1,362889
k1024_v256,badger,Get,1,501338
k1024_v256,badger,Forward,1,885499
k1024_v256,badger,Backward,1,1095235
k1024_v256,badger,Delete,1,383809
k1024_v256,badger,Put,2,337411
k1024_v256,badger,Get,2,501262
k1024_v256,badger,Forward,2,940277
k1024_v256,badger,Backward,2,1022624
k1024_v256,badger,Delete,2,396203
k1024_v256,rocksdb,Put,1,208893
k1024_v256,rocksdb,Get,1,696799
k1024_v256,rocksdb,Forward,1,870637
k1024_v256,rocksdb,Backward,1,422719
k1024_v256,rocksdb,Delete,1,245948
k1024_v256,rocksdb,Put,2,214893
k1024_v256,rocksdb,Get,2,779407
k1024_v256,rocksdb,Forward,2,864992
k1024_v256,rocksdb,Backward,2,427003
k1024_v256,rocksdb,Delete,2,287327
k2048_v256,tidesdb,Put,1,321547.70
k2048_v256,tidesdb,Get,1,776657.79
k2048_v256,tidesdb,Forward,1,2900480.11
k2048_v256,tidesdb,Backward,1,1278070.91
k2048_v256,tidesdb,Delete,1,71197.08
k2048_v256,tidesdb,Put,2,245518.66
k2048_v256,tidesdb,Get,2,763078.62
k2048_v256,tidesdb,Forward,2,2918085.58
k2048_v256,tidesdb,Backward,2,1271051.01
k2048_v256,tidesdb,Delete,2,73702.99
k2048_v256,ondadb,Put,1,95295
k2048_v256,ondadb,Get,1,1102297
k2048_v256,ondadb,Forward,1,723120
k2048_v256,ondadb,Backward,1,684763
k2048_v256,ondadb,Delete,1,158488
k2048_v256,ondadb,Put,2,96983
k2048_v256,ondadb,Get,2,1249366
k2048_v256,ondadb,Forward,2,718941
k2048_v256,ondadb,Backward,2,572153
k2048_v256,ondadb,Delete,2,92370
k2048_v256,fjall,Put,1,81232
k2048_v256,fjall,Get,1,28437
k2048_v256,fjall,Forward,1,654801
k2048_v256,fjall,Backward,1,602112
k2048_v256,fjall,Delete,1,74129
k2048_v256,fjall,Put,2,60109
k2048_v256,fjall,Get,2,812
k2048_v256,fjall,Forward,2,506946
k2048_v256,fjall,Backward,2,491851
k2048_v256,fjall,Delete,2,114468
k2048_v256,surrealkv,Put,1,83694
k2048_v256,surrealkv,Get,1,14042
k2048_v256,surrealkv,Forward,1,57647
k2048_v256,surrealkv,Backward,1,56880
k2048_v256,surrealkv,Delete,1,92146
k2048_v256,surrealkv,Put,2,86709
k2048_v256,surrealkv,Get,2,12120
k2048_v256,surrealkv,Forward,2,68257
k2048_v256,surrealkv,Backward,2,57318
k2048_v256,surrealkv,Delete,2,97702
k2048_v256,wavesdb,Put,1,176032
k2048_v256,wavesdb,Get,1,319660
k2048_v256,wavesdb,Forward,1,717994
k2048_v256,wavesdb,Backward,1,397346
k2048_v256,wavesdb,Delete,1,223796
k2048_v256,wavesdb,Put,2,130229
k2048_v256,wavesdb,Get,2,316104
k2048_v256,wavesdb,Forward,2,613101
k2048_v256,wavesdb,Backward,2,610599
k2048_v256,wavesdb,Delete,2,222010
k2048_v256,badger,Put,1,215122
k2048_v256,badger,Get,1,339033
k2048_v256,badger,Forward,1,448147
k2048_v256,badger,Backward,1,480859
k2048_v256,badger,Delete,1,263831
k2048_v256,badger,Put,2,236116
k2048_v256,badger,Get,2,352165
k2048_v256,badger,Forward,2,428728
k2048_v256,badger,Backward,2,501115
k2048_v256,badger,Delete,2,269503
k2048_v256,rocksdb,Put,1,114559
k2048_v256,rocksdb,Get,1,496005
k2048_v256,rocksdb,Forward,1,577296
k2048_v256,rocksdb,Backward,1,247075
k2048_v256,rocksdb,Delete,1,172563
k2048_v256,rocksdb,Put,2,91707
k2048_v256,rocksdb,Get,2,482448
k2048_v256,rocksdb,Forward,2,574978
k2048_v256,rocksdb,Backward,2,211802
k2048_v256,rocksdb,Delete,2,153778
